﻿<?xml version="1.0" encoding="utf-8" ?>
<Order xmlns="http://yourcompany.com/order"
	xmlns:it="http://yourcompany.com/item">
	<Id>10023</Id>
	<OrderDate>27/04/2017</OrderDate>
	<DeliveryDate>05/01/2017</DeliveryDate>
	<CompanyId>23</CompanyId>
	<Items>
		<it:Item>
			<it:Id>1</it:Id>
			<it:PartNumber>54055</it:PartNumber>
			<it:Quantity unit="Gallons">2</it:Quantity>
		</it:Item>
		<it:Item>
			<it:Id>2</it:Id>
			<it:PartNumber>6405</it:PartNumber>
			<it:Quantity unit="Each">1</it:Quantity>
		</it:Item>
		<it:Item>
			<it:Id>3</it:Id>
			<it:PartNumber>3313</it:PartNumber>
			<it:Quantity unit="Each">3</it:Quantity>
		</it:Item>
	</Items>
	<!-- This is a comment-->
	<![CDATA[This is not interpreted as XML]]>
</Order>
