﻿<?xml version="1.0" encoding="utf-8" ?>
<Order>
	<Id>10023</Id>
	<OrderDate>27/04/2017</OrderDate>
	<DeliveryDate>05/01/2017</DeliveryDate>
	<CompanyId>23</CompanyId>
	<Items>
		<Item>
			<Id>1</Id>
			<PartNumber>54055</PartNumber>
			<Quantity unit="Gallons">2</Quantity>
		</Item>
		<Item>
			<Id>2</Id>
			<PartNumber>6405</PartNumber>
			<Quantity unit="Each">1</Quantity>
		</Item>
		<Item>
			<Id>3</Id>
			<PartNumber>3313</PartNumber>
			<Quantity unit="Each">3</Quantity>
		</Item>
	</Items>
	<!-- This is a comment-->
	<![CDATA[This is not interpreted as XML]]>
</Order>

